Name,Age
Thomas Thomas,51
Thomas Hunter,72
Stacy Singh,72
Richard Weaver,69
Nicholas Smith,74
Kathryn Hamilton,84
Michael Little,63
Thomas Parks,83
Dylan Simmons,54
Tina Perez,65
Jeremy Mullins,64
Charles Martinez,54
Angela Moore,86
Tammy Strickland,83
Lacey Mack,78
Robert Wilson,71
Kevin Gray,72
Sara Mccullough,90
Kelly Thomas,61
Jonathan Blanchard,67
Reginald Lowe,69
Jeremy Hill,72
Jillian Hebert,59
Shannon Rose DVM,51
Tamara Lamb,60
Timothy Greene,53
Kevin Jones,90
April Hudson,68
Wesley Frederick,76
Rodney Martinez,89
John Goodman,65
Nicholas Booth,54
Patrick Newman,89
Andrew Castillo,80
Lisa Sandoval,57
Brandy Anderson,85
Ashley Taylor,63
Thomas Smith,54
Amy Brewer,84
Peter Holmes,67
Anna Moore,76
Brandon Hendrix,89
Matthew Whitehead,62
Kimberly Hunt,63
Katherine Barber,85
Angela Fleming,78
Alexander Martinez,76
Michael Walters,59
Courtney Mercer,76
Jennifer Ramos,51
Regina Cervantes,69
Cheryl Arnold,77
Nancy Hicks,56
Monica Burke,90
Richard Jones,86
Albert Ward,73
Edward Brown,72
Melissa Morgan,84
Keith George,58
Daniel Herrera,89
Pamela Martinez,83
Kristine Larsen,80
Julia Cooper,64
Elizabeth Stanley,67
Nicholas Fuentes,90
Ashley Martin,90
Tara Hawkins,58
Donald Evans,72
Daniel Montgomery,85
Richard Lewis,80
Matthew Macias,64
Christina Burton,73
Danielle Gordon,67
Walter Richards,53
Michael Stanton,82
Mary Martin,90
Ashley Garcia,61
Kyle Smith,75
Holly Nguyen,53
Kelly Lee,79
Gloria Long,85
Courtney Molina,70
Katie Powell,60
Mrs. Brianna Perez DDS,58
Tiffany Morrison,58
Ann Williams,74
Mr. Matthew Salazar,52
Michael Bryant,87
Jessica Alvarado,66
Travis Jennings,66
Jamie Vincent,72
Elizabeth Beck,60
James Rogers,60
Jay Alvarado,57
Stephen King,56
Rachael Blanchard,57
Amanda Huff,65
Eric Berry,52
Cynthia Moore,73
Samuel Todd,75
Stacy Marsh,83
Jason Edwards,89
Kathryn Alexander,68
Paul Mccann,63
Elizabeth Gray,75
Kristin Perkins,79
Hunter Wallace DDS,62
Dawn Nichols,62
Debbie Tran,55
Ronald Nash,65
Adam Chavez,83
Jaime Henry,57
Jessica Baxter,56
Thomas Charles,90
Kurt Graham,51
Ronald Johnson,65
April Lyons,54
Lindsey Johnson,78
Heather Flores,66
Mary Owen,62
Zachary Cooper,73
Michael Petersen,81
Danielle Spears,75
Susan Freeman,70
Mark Guerra,56
Emily Chen,89
Alexis Rollins,87
Mark Russell,57
John Dodson,82
Chase Hill,84
Glenda Hawkins,82
Catherine Bass,69
Amber Watts,79
Patricia Moon,71
Richard Smith Jr.,81
Daniel Wilson,52
Tiffany Thornton,88
Kimberly Durham,56
Crystal Wilson,52
Jesse Collins,86
Timothy Farley,87
Laura Thompson,59
Nicole Scott,51
Taylor Riley,84
Christina Moore DVM,86
Emily Long,85
Melissa Chung,86
Jason Arnold,86
Devon Davis,56
Jeffrey Carter,66
Terry Holder,56
Melissa Coleman,65
Cameron Tate,57
Nathan Cervantes,84
Tyler Cummings,72
Jeanette Cook,89
Catherine Jackson,57
Dawn Wilson,66
Daisy Neal,68
Amy Scott,61
Peter Hunt,53
Zachary Novak DDS,67
Brenda Carter,89
Michael Horton,64
Nicholas Reid,74
Nicholas Baker,61
Michael Myers,67
Stefanie Beck,53
Kayla Bradley,55
Jillian Thomas,68
Amy Vasquez,67
Yolanda Berry,77
Jill Nichols,67
Brian Cline,57
Mark Stein,61
Ryan Sullivan,74
Jessica Ruiz,90
Joseph Gonzalez,87
Michael Nicholson,53
Casey Evans,78
John Gray,53
Julie Cruz,86
Matthew Morales,66
Dawn Vega,50
John Perez,78
Christopher Larsen,51
Daniel Jones,61
Nathan Smith,88
Christina Cardenas,78
Lauren Mcclure,57
Robert Fox,78
Antonio Hicks,77
Robert Brown,87
Jonathan Murray,55
James Davidson,67
Dustin Stevens,80
Richard Reynolds,81
Jeffery Jones,81
Brian Wyatt,88
Jordan Vargas,67
Jessica Ray,69
Cynthia Gallegos,61
Linda Bailey,67
Cameron Stein,90
Dr. Terri Smith,60
Robert Hernandez,74
Laura Gardner,74
Julie Gonzalez,62
Megan Greer,52
Molly Gonzales,68
Ms. Anna Simon,50
Catherine Schmidt,59
Douglas Hicks,76
Amanda Green,86
Randy Bailey MD,85
Katie Kelly,71
Nicholas Barnes,50
Nicole Lopez,68
Kellie Hall,77
Lisa Henry,68
Kevin James,89
Brian Frederick,62
Alfred Brewer,52
Jessica Delgado,58
Victoria Nelson,70
Rachel Bailey,59
Mary Wilson,78
Zachary Clark,61
Mike Carrillo,89
Lisa Wolf,78
James Wright,60
Tracy Hill,87
Stephanie Austin,73
Michael Campbell,86
Pamela Bell,90
Erika Castro,52
Brenda Rice,73
Melody Jones,54
Jennifer Anthony,76
Ashley Thompson,79
Jake Wiley,64
Donald Bryan,60
Brittany Lee,78
Tammy Hurst,59
Kevin Harrison,72
Megan Medina,79
Ashley Jones,90
Ariel Lynch,72
Teresa Cooper,78
Lauren Hill,56
Samantha Wright,53
Valerie Ayers,54
Melanie Fisher,58
Benjamin Weiss,58
Kevin Simon,58
Sharon Stone,53
Shirley Henry,60
Jesse Lynch,70
Norma Martin,83
Charlene Williams,76
David Vazquez,68
John Hill,86
Emily Monroe,66
Sierra Good,54
Kara Morris,57
Dr. Katherine Lane,86
Grace Marks,83
Carolyn Thompson,66
Jacob Martin II,63
Kyle Smith,90
Cynthia Wood,75
Molly Nicholson,59
Samantha Green,84
Rick Porter,88
David Donaldson,77
Mary Nash,75
Steven Ford,79
Dawn Pena,53
Andrea Mayer,76
Mallory Parsons,56
Kara Gould,69
Monica Ewing,63
Thomas Ford,81
Joseph Thomas,72
Anthony Austin,81
Lindsay Miller,54
Jennifer Bryant,62
Jeffrey Graves,54
Brian Fields,54
Steven Martinez,70
Leonard Morgan,65
Daniel Matthews,78
Jacqueline Moore,59
Jonathan Floyd,81
Kevin White,72
Kim Gonzalez,76
Evan Mcdonald,75
Steven Gonzalez,89
Adam Johnson,85
Amanda Wilkins DDS,76
Michael Miranda,66
Ryan Jordan,62
Donna Schwartz,88
Audrey Thompson,71
Ryan Hansen,52
Susan Mercer,57
Joshua Raymond,61
Marissa Johnson,57
Alyssa Miller,83
Kathy Murillo,64
Morgan Thomas,86
Richard Snyder,60
Zachary Richard,65
Stephanie Ruiz,81
Destiny Taylor,53
Olivia Bowman,50
Mrs. Stacey Taylor,54
Paula Anderson,52
Andrea Jacobs,64
Amy Davies,77
Sarah Villanueva,78
Ryan Gutierrez,68
Christopher Smith,58
Debbie Simmons,79
Erica Christian,63
Whitney Taylor,77
Dr. Lori Wagner,63
Marissa Curry,59
Tommy Mueller,73
Jason Harris,72
Hannah Roberts,80
Abigail Barry,64
Robin Alvarez,75
Michael Perez,74
Carla Guerrero,84
Sarah Flynn,69
Rachel Vincent,76
Jennifer Powell,74
Patrick Barker,82
Elizabeth Ward,53
Angela Sanchez,51
Charles Nichols,56
Sandra Freeman,72
Nicole Conley,85
Patricia Martin,60
Susan Anderson,80
Alexander Grant,89
Erica Cline,58
Amanda Tran,63
Sheila Pitts,73
Cindy Bryant,58
Laura Caldwell,88
Austin Frye,64
Brian Hamilton,61
Alice Vargas,54
Amy Allen,53
Nicole Stevens,63
Elizabeth Anderson,77
Kaitlin Gibson,55
David Zimmerman,54
Kathryn Ochoa,75
Jessica Schultz,85
Brian Watkins,74
Stephen Cruz,58
Taylor Harmon,89
Michael Mclaughlin,50
Joseph Lewis,79
Richard Pena,89
John Lane,82
Caroline Hernandez,54
Amanda Peck,71
Logan Graham,74
Brian Love,81
Matthew Garcia,85
Lisa Holland,81
Hector Alexander,79
Anthony Ramirez,74
Monica Gonzalez,59
Todd Castillo,89
Daniel Riley,59
Dr. Matthew Ramsey,85
Joseph Tucker,68
Maureen Morrow,67
Robin Horton,56
Anne Lawrence,83
David Gallagher III,79
Valerie Casey,68
David Hill,76
James Le,51
Denise Parker,72
Lisa Dalton,62
Shawn Bowman,52
Rhonda Jones,59
Robert Brown MD,62
Samantha Adams,50
Jacob Norman,67
Terry Brown,82
Patricia Norris,72
Scott Barker,88
Gregory Perry,69
James Robles,88
Nicholas Perkins,90
Micheal Lester,63
Vicki Jordan,59
Jennifer Wallace,70
Tiffany Terry,50
Beverly Sparks,59
Leslie Price,74
Jenny Curtis,86
Joanna Stevens,89
Edward Wilkerson,65
Hannah Hickman,58
Madison Turner,80
Kenneth Hart,68
Richard Morales,54
Kristina Williams,59
Maria Blankenship,71
Isaac Daniels,89
Sean White,67
David Robbins,71
Ryan Kemp,50
Karen Myers,63
Holly Nichols,72
Adrian Evans,73
Louis Phillips,79
Brittany Berry,78
James Baker,84
Phillip Lopez,88
Brandy Wang,60
Paige Stevens,87
Daniel Oliver,73
Cathy Anderson,78
David Johnson,60
James Robertson,56
William Smith,56
Emma Knight,88
Barbara Sherman,65
Amber Nguyen,76
Beth Brooks,84
Denise Cervantes,63
Justin Jackson,69
Wayne Norton,76
Austin Hoover,56
Peggy Smith,76
Nathaniel Williams,68
Mr. William Taylor,55
David Butler,69
Ashley Mccall DVM,65
Melissa Delgado,69
Alexis Moore,79
Jorge Martin,67
Taylor Terrell,68
Christine Vaughn,80
Amanda Gutierrez,58
Ronnie Adams,79
Jeff Conway,55
Mrs. Terri Thompson DDS,55
Brandy Torres,65
Daniel Sullivan,51
Allison Santana,89
Susan Walker,63
Jacqueline Harris,76
Sandra Campos,80
Stephen Butler,60
Derrick Rose,52
Todd Luna,86
Dennis White II,52
Eileen Smith,86
Scott Camacho,86
Craig Oliver,87
Valerie Fox,63
Heather Hansen,68
Sabrina Mckinney,62
Michael Cook,71
William Sutton,66
Crystal Sanders,79
Kyle Carrillo,67
Casey Simmons,82
Dr. Lori Burns,80
Elizabeth Osborn,73
Jonathan Rasmussen,80
Todd Christian,75
Mike Spencer,76
Elizabeth Smith,72
Timothy Short,74
Anthony Long,61
Regina Oneill,55
Elizabeth Franco,57
Tiffany Leach,77
Kaitlin Craig,71
Emily Smith,82
Steve Davis,77
Gregory Thompson,52
Thomas Dawson,80
Bradley Johnston,69
Thomas Mathews,76
Stacy Rios,69
David Owens,83
Robert Bryan,80
Erika Miller,59
Cory Delacruz,74
Stephanie Francis,65
Morgan Serrano,64
Laura Johnson,55
Shannon Yates,56
Morgan Miller,68
Anna Campbell,73
Adam Neal,73
Philip Moore,53
Brian Matthews,79
James Chang,66
Elizabeth Whitaker,60
Paul Smith,66
Joseph Francis,57
Jessica Wise,69
Sandra King,83
Tammy Flores,78
William Walker,80
Peter Gibson,57
Sherri Campbell,73
Allison Hutchinson,60
Stacey Martin,56
Brianna Brown,63
James Stevens,71
Guy Aguilar,52
Jessica Gonzales,67
Angela Wright,86
Teresa Diaz,87
Jeffrey Wilson,55
Christy Wilson,82
Mr. Richard Wilson,66
Stanley Rowe,77
Victoria Ward,86
Susan Davis,69
Samantha Cortez,85
Jorge Hopkins,80
Amanda Wilson DDS,50
Jennifer Reeves,59
Julia Morgan,50
Dennis Bishop,66
Melissa Randall,83
Erica Bailey,51
Christopher Bailey,68
Andrew Marquez,63
Lindsey Lamb,65
Donna Davis,85
Robert Joseph,67
Christopher Estrada,71
Shane Roberts,73
Mary Gonzalez,71
Andrew Lee,50
Gregory Contreras,57
Chase Martin,74
Stephen Lynn,58
Brittany Thompson,72
Adam Wilson,50
Stephanie Martin,67
Wanda Weber,55
Ryan Villegas,71
Pamela Compton,79
Regina Robbins,85
Wesley Reed,57
Christopher Murray,55
Noah Henderson,72
Susan Moran,59
Jeffrey Day,62
Christina Robinson,68
Pamela Moore,60
Katherine Kemp,61
Christopher Ellis,56
Michael Johnson,70
Amanda Jackson,76
Kevin Newton,73
Stephanie Davis,78
Kevin Owen,90
Maureen Fitzgerald,82
Neil Caldwell,64
Emily Zimmerman,57
Jacob Johnson,73
Patrick Fisher,79
Kim Mcguire,74
Joseph Roberts,77
Susan Spears,90
Ashley Richard,89
George Garcia,85
Jennifer Boyd,62
Jennifer Richardson,56
Alec Richards,55
Ms. Loretta Myers DVM,79
Cheryl Smith,63
Catherine Barnes,87
Elizabeth Wright,67
Jose Owens,87
Jason Campbell,83
Jack Santiago,52
Jessica Day,65
Sarah Levy,61
Steve Bates,75
Samuel Stewart,59
Anthony Hill,63
Lauren Rasmussen,68
Richard Allison,68
Anthony Guerra,53
Courtney Collins,54
Harold Wood,84
Amanda Horton,57
Brian Smith,67
Keith Jensen,76
Karen Brown,51
Brandon Hill,64
Nicole Adams,76
Diane Kelley,65
James Williams,57
Yvonne Phillips,90
Diana Banks,71
Kelsey English,78
Joseph Patel,84
Michael Scott,59
David Conrad,90
Laura Wright,53
Ellen Arias,54
Jamie Elliott,52
Jamie Warren,65
Danielle Booth,59
Christine Bauer,79
Jessica Martinez,79
Tony Kirk PhD,67
Kevin Lynch,87
Dylan Garcia,69
Jonathan Smith,61
Stacy Santiago,52
Nancy Orozco,84
Jake Smith,85
Douglas French,67
Patricia Higgins,70
Gregory Fuller,84
Derek Gonzales,65
Makayla Duffy,65
Scott Smith,74
Hunter Shepherd,56
John Hammond,66
Teresa Douglas,61
Paul Rodriguez,89
Jeffrey Ellis,58
Robert Ayala,54
Christopher Miller,83
Michael Jones,60
Heather Salinas,77
Jason Roberts,87
Lisa Gallegos,50
John Roberts,54
Robyn Brennan,80
Ronald Moss,56
Lisa Yoder,77
Lisa Mendez,82
Michael Leonard,73
Susan Myers,77
Jeffery Robertson,58
David Cross,72
Robert Rhodes,63
Daniel Jones,53
Alexis Wolf,90
Lisa Thomas,79
Chelsea Rush,70
Jessica Dominguez,89
Kenneth Smith,84
Valerie Barnes,76
Carla Thompson,63
Alexandra Reyes,77
Daniel Anderson,68
Richard Rivera,69
Jenna Campbell,54
Alexandra Cox,59
Margaret Hahn,54
Patricia Terry,53
Theresa Manning,63
Deborah Garcia,65
Curtis Woods,55
Jennifer Dominguez,87
Justin Ramirez,72
Sabrina Mccarty,57
Angela Morris,76
Christopher Barber,60
Lisa Trujillo,90
Jeremy Gray,52
Miguel Dean,78
Brittany Price,56
Rhonda Burton,54
Jordan Dalton,89
Courtney Roman,71
Carmen Sanchez,66
Edward Harrell,90
Amy Kidd,81
Edward Schmitt,84
Maurice Wiley,52
William French,58
Nicole Griffin,70
Debbie Mack,66
Joshua Barrett,53
Michael Nguyen,71
Mark Rodgers,50
Kevin Thomas,84
Nicholas Frederick,76
Krystal Davis,86
Louis Morrison,69
Michelle Carter,53
James Sherman,74
Virginia Smith,61
Theodore Wright,60
Brandon Holden,57
Joan Finley,58
Gina Howell,59
Manuel Carrillo,86
Marcus Nguyen,64
Claire Scott,69
Sarah Smith,61
Steven Garrison,82
Jacob Avila,74
Brian Hoffman,79
Tracy Lamb,83
Amanda Johnson,74
James Owen,79
Misty Stewart,65
Aaron Burgess,88
Stephanie Johnston,64
Julie Reyes,68
Jennifer Walker,84
Kevin Jenkins,76
Bryan Lozano,77
Jennifer Harmon,64
Jason Johnson,83
William Martinez,71
Margaret Solomon,79
Ruth Boyle,60
Laura Santiago,74
Helen Miller,68
Christopher George,53
April Miller,56
Anne Castillo,76
Paula Anderson,73
Shane Coleman,84
Juan Johnson,79
Gregory Burch,73
Glenn Gates,70
Maria Lee,83
Stephanie Brown,70
Tina Thompson MD,60
Angel Dixon,84
Paula Montoya,59
Catherine Anderson,64
Blake Davis,70
William Mayo,80
Isaac Kerr,74
Timothy Finley,90
Laura Williams,83
April Daniel,82
Lisa Tucker,70
Beth Smith,63
Tony Moon,68
Richard Young,50
Kenneth Li,58
Wendy Davis,74
Joseph Gregory,81
Kelly Hernandez,57
Megan White,70
John Barber,69
Tiffany Lewis,53
Joseph Zhang,69
Thomas Charles,67
Ernest Cooley,56
Samuel Jordan,65
Laura Cole,51
Jason Edwards,77
Joshua Morrison,65
Cindy Johnson,70
Michael Davis,77
Angelica Stevens,72
Jackie Hoffman,65
Kelly Collins,53
Edward White,90
Joshua Chambers,73
Jodi Lewis,66
Nicole Mitchell,85
Larry Lambert,53
Donna Rodriguez,79
Eric Williams,64
Antonio Delgado,87
Jason Mercer,74
Nicholas Galloway,80
Karen Gonzalez,86
Lori Roy,55
Mitchell Burch Jr.,56
Jessica Parker,59
Sherri Franklin,53
Teresa Porter,66
Robert Parker,78
Evelyn Morris,63
Julie Moore,90
Joseph Johnson,74
Benjamin Howard,60
Eric Perez,62
Raymond Edwards,52
Sara Jones,82
Laura Armstrong,70
Tracy Jensen,55
Christina Yates,69
John Alexander,65
Mario Daniel,68
Tracey Santos,54
Emily Martin,87
Megan Mosley,51
Andrew Valdez,83
Richard Hansen,67
Lori Spencer,65
Christopher Williams,82
Michelle Nelson,65
Rhonda Jones,81
Sandy Hall,67
Monica Thomas,63
Jennifer Fletcher,65
Zachary Bryant,53
Michael Jones,50
James Smith,76
